{"cameraMode":{"drawMode":0,"name":"Shaded","section":"Shading Mode"},"sceneLighting":false,"audioPlay":false,"sceneViewState":{"m_AlwaysRefresh":false,"showFog":true,"showSkybox":false,"showFlares":true,"showImageEffects":true,"showParticleSystems":true,"showVisualEffectGraphs":true,"m_FxEnabled":true},"in2DMode":false,"pivot":{"x":0.07643388211727143,"y":-0.008519159629940987,"z":0.022174149751663209},"rotation":{"x":0.10717085748910904,"y":0.876899242401123,"z":-0.23027241230010987,"w":0.408119261264801},"size":0.12390998005867005,"orthographic":false}