{"cameraMode":{"drawMode":0,"name":"Shaded","section":"Shading Mode"},"sceneLighting":false,"audioPlay":false,"sceneViewState":{"m_AlwaysRefresh":false,"showFog":true,"showSkybox":false,"showFlares":true,"showImageEffects":true,"showParticleSystems":true,"showVisualEffectGraphs":true,"m_FxEnabled":true},"in2DMode":false,"pivot":{"x":0.2635830044746399,"y":0.4266873300075531,"z":2.3293557167053224},"rotation":{"x":0.14577455818653108,"y":0.23416048288345338,"z":-0.03554069995880127,"w":0.9605650305747986},"size":0.8336607813835144,"orthographic":false}