{"cameraMode":{"drawMode":0,"name":"Shaded","section":"Shading Mode"},"sceneLighting":false,"audioPlay":false,"sceneViewState":{"m_AlwaysRefresh":false,"showFog":true,"showSkybox":false,"showFlares":true,"showImageEffects":true,"showParticleSystems":true,"showVisualEffectGraphs":true,"m_FxEnabled":true},"in2DMode":false,"pivot":{"x":0.1426510065793991,"y":-0.003264874219894409,"z":-0.4205383062362671},"rotation":{"x":-0.003433833597227931,"y":0.9814968705177307,"z":-0.19079746305942536,"w":-0.017668521031737329},"size":0.39576455950737,"orthographic":false}